Configuration,Test_Acc,Test_Loss
Layers 1,96.87546718493049,0.08801121268594617
Layers 1+2,98.6844072357602,0.04117612950843552
Layers 1+2+3,98.7143070713111,0.04043812840694687
